id,ano,status,ementa,autor
171059,1971,Arquivada,"DISPÕE SOBRE ISENÇÃO DE IMPOSTOS PARA PEQUENOS VEICULOS MOTORIZADOS INDIVIDUAIS, E DA OUTRAS PROVIDENCIAS.",ALBERTO LAVINAS
195133,1976,Arquivada,DISPÕE SOBRE A CONSTRUÇÃO DE FAIXAS ESPECIAIS DESTINADAS AO TRAFEGO DE BICICLETAS E OUTROS VEICULOS DE TRAÇÃO HUMANA NAS RODOVIAS FEDERAIS E DA OUTRAS PROVIDENCIAS.,SIQUEIRA CAMPOS
209745,1976,Arquivada,DISPÕE SOBRE A CONSTRUÇÃO DE CICLOVIAS NO DISTRITO FEDERAL E DA OUTRAS PROVIDENCIAS.,SIQUEIRA CAMPOS
211107,1976,Arquivada,"DISPÕE SOBRE A IMPLANTAÇÃO DE FAIXAS DESTINADAS AO TRAFEGO DE BICICLETAS, AO LONGO DAS RODOVIAS FEDERAIS.",OSVALDO BUSKEI
220149,1977,Arquivada,DETERMINA QUE AS BICICLETAS DE FABRICAÇÃO NACIONAL TENHAM FAROL DIANTEIRO E INDICADOR LUMINOSO EM SUA PARTE TRASEIRA.,JOSE CAMARGO
196162,1979,Arquivada,"INSTITUI O PROGRAMA NACIONAL DE CICLOVIAS, E DA OUTRAS PROVIDENCIAS.",CARDOSO FREGAPANI
234060,1980,,"CONCEDE ISENÇÃO DO PAGAMENTO DE IMPOSTOS MUNICIPAIS PARA LICENCIAMENTO DE BICICLETAS, AOS RESPECTIVOS PROPRIETARIOS.",ROSEMBURGO ROMANO
247605,1981,,SOLICITA INFORMAÇÕES DO MINISTERIO DOS TRANSPORTES SOBRE RECURSOS RESERVADOS NO III PND DO SETOR FERROVIARIO.,JUAREZ FURTADO
211744,1984,Arquivada,"AUTORIZA O PODER EXECUTIVO A INSTITUIR O PROGRAMA NACIONAL DE CICLOVIAS, E DA OUTRAS PROVIDENCIAS.",LEONIDAS SAMPAIO
25590,1993,Transformado em Norma Jurídica,INSTITUI O CODIGO DE TRANSITO BRASILEIRO.,Poder Executivo
215003,1993,Arquivada,"DISPÕE SOBRE O CODIGO NACIONAL DE TRANSITO, SOBRE O SISTEMA NACIONAL DE TRANSITO E DA OUTRAS PROVIDENCIAS.",CARLOS LUPI
219270,1993,Arquivada,CONCEDE ISENÇÃO DO IMPOSTO SOBRE PRODUTOS INDUSTRIALIZADOS - IPI - PARA BICICLETAS SEM MOTOR E SEM DISPOSITIVO PARA TROCA DE MARCHAS.,SIDNEY DE MIGUEL
23526,1995,Arquivada,Sugere à Mesa a criação de estacionamentos para bicicletas.,Fernando Gabeira
25778,1995,Transformado em nova proposição,Dispõe sobre a criação de estacionamentos para bicicletas.,Fernando Gabeira
218744,1998,,"Dispõe sobre alterações no texto da Lei nº 9.503, de 23 de setembro de 1997 (Código de Trânsito Brasileiro ).",INOCENCIO OLIVEIRA
219055,1998,,Torna obrigatório o uso de capacete de segurança para condutores e passageiros de bicicleta.,JULIO REDECKER
224367,1998,,"Altera a redação do art. 58 da Lei nº 9.503, de 23 de setembro de 1997, que ""institui o Código de Trânsito Brasileiro"".",ELIAS MURAD
593911,1998,,"Substitutivo do Senado ao Projeto de Lei da Câmara nº 99, de 2007 (nº 4.124, de 1998, na Casa de origem), que ""Acrescenta inciso XX ao caput do art. 181 da Lei nº 9.503, de 23 de setembro de 1997 - Código de Trânsito Brasileiro"".
Dê-se ao Projeto a seguinte redação:
Altera a Lei nº 9.503, de 23 de setembro de 1997 (Código de Trânsito Brasileiro), para dispor sobre sinalização rodoviária indicativa de pronto-socorro, equipamentos obrigatórios das bicicletas, estacionamento irregular em vaga destinada a pessoa com deficiência e procedimentos para notificação de infração.",Senado Federal
15408,1999,Transformado em Norma Jurídica,"Dispõe sobre alterações no texto da Lei nº 9.503, de 23 de setembro de 1997 (Código de Trânsito Brasileiro).
NOVA EMENTA DA REDAÇÃO FINAL: Altera a Lei nº 9.503, de 23 de setembro de 1997 - Código de Trânsito Brasileiro.
NOVA EMENTA APÓS A REVISÃO: Altera os artigos 61, 105 e 338 da Lei nº 9.503, de 23 de setembro de 1997, que institui o Código de Trânsito Brasileiro, para dispor sobre especificidades dos veículos de duas e três rodas.",Inocêncio Oliveira
15690,1999,Arquivada,"Altera o art. 320 da Lei nº 9.503, de 23 de setembro de 1997, que institui o Código de Trânsito Brasileiro.",Iédio Rosa
102709,1999,Transformado em Norma Jurídica,"Emendas do Senado ao Projeto de Lei nº 402-C, de 1999, que ""altera a Lei nº 9.503, de 23 de setembro de 1997 - Código de Trânsito Brasileiro"".
Dê-se à ao Projeto a seguinte ementa:
""Altera os arts. 61, 105 e 338 da Lei nº 9.503, de 23 de setembro de 1997, que institui o Código de Trânsito Brasileiro, para dispor sobre especificidades dos veículos de duas e de três rodas"".",Senado Federal
26158,2001,Arquivada,"Altera a Lei nº 9.503, de 23 de setembro de 1997, que institui o Código de Trânsito Brasileiro.",Telma de Souza
27042,2001,Arquivada,"Sugere ao Poder Executivo, por intermédio do Ministério da Justiça, a adoção de disco ou calota de proteção para os raios das bicicletas.",Antônio Jorge
99931,2002,Arquivada,Dispõe sobre a obrigatoriedade da marcação da numeração das bicicletas em seu monobloco e dá outras providências.,Dr. Hélio
114362,2003,Arquivada,"Altera a Lei nº 9.503, de 23 de setembro de 1997, que ""Institui o Código de Trânsito Brasileiro"", para dispor sobre o uso dos passeios, das ciclofaixas e ciclovias.",Roberto Jefferson
134620,2003,Arquivada,"Dispõe sobre a implantação de ciclovias nas cidades com população superior a 50 mil habitantes, aglomerações urbanas e regiões metropolitanas.",Leônidas Cristino
153420,2004,Arquivada,"Altera o inciso VI do art. 105 da Lei nº 9.503, de 23 de setembro de 1997, que institui o Código de Trânsito Brasileiro, para dispor sobre especificidades dos veículos de duas rodas.",Inocêncio Oliveira
257781,2004,Transformado em Norma Jurídica,"Dá nova redação aos arts. 1º e 2º da Lei nº 8.010, de 29 de março de 1990, e acrescenta a alínea ""f"" ao inciso I do art. 2º da Lei nº 8.032, de 12 de abril de 1990, que dispõem sobre importações de bens destinados a pesquisa científica e tecnológica e suas respectivas isenções ou reduções de impostos.  
NOVA EMENTA DA REDAÇÃO FINAL: Dá nova redação a dispositivos das Leis nºs 8.010, de 29 de março de 1990 e 8.032, de 12 de abril de 1990, para estender a cientistas e pesquisadores a isenção tributária relativa a bens destinados à pesquisa científica e tecnológica; e faculta a inscrição no Sistema Integrado de Pagamento de Impostos e Contribuições das Microempresas e das Empresas de Pequeno Porte - SIMPLES, das pessoas jurídicas que especifica.",Poder Executivo
263142,2004,Transformado em Norma Jurídica,"Dá nova redação aos arts. 1º e 2º da Lei nº 8.010, de 29 de março de 1990, e acrescenta a alínea ""f"" ao inciso I do art. 2º da Lei nº 8.032, de 12 de abril de 1990, que dispõem sobre importações de bens destinados a pesquisa científica e tecnológica e isençãos ou redução de impostos de importação.",Renato Casagrande
287523,2005,Arquivada,"Acrescenta os artigos 1.336 - A e 1.336 - B na Lei nº 10.406, de 10 de janeiro de 2002  - Novo Código Civil -  dispondo sobre a reparabilidade pelo condomínio em caso de  furto ou roubo de veículo automotor, motocicleta ou bicicleta de condômino, ocorrido na garagem ou estacionamento interno.",João Batista
288137,2005,Arquivada,"Dispõe sobre a criação do Cadastro Nacional de Bicicletas, e dá outras providências.",Ivo José
292529,2005,Arquivada,Sugere ao Ministério das Cidades a formulação de programa para implantação de ciclovias ao longo de trechos de rodovias federais que cortam zonas urbanas.,Neuton Lima
306333,2005,Arquivada,"Sugere ao Ministério das Cidades sejam tomadas as providências necessárias para a construção de uma ciclovia no percurso do contorno rodoviário da BR-163, no Município de Dourados (MS).",João Grandão
310376,2005,Arquivada,"Acrescenta dispositivo ao art. 41 da Lei nº 10.257, de 10 de julho de 2001,  (Estatuto da Cidade), para fixar diretriz aplicável aos planos de transporte urbano integrados.",João Batista
316518,2006,Arquivada,"""Dispõe sobre a reserva de estacionamento para bicicletas nos estacionamentos, e dá outras providências"".",Carlos Nader
340242,2007,Pronta para Pauta,"Altera a Lei nº 9.503, de 23 de setembro de 1997,  que dispõe sobre o Código de Trânsito Brasileiro.",Solange Amaral
352982,2007,Tramitando em Conjunto,"Acrescenta dispositivo ao art. 41 da Lei nº 10.157, de 10 de julho de 2001, Estatuto da Cidade, para fixar diretriz aplicável aos planos de transporte urbano integrados.",Antonio Bulhões
357423,2007,Tramitando em Conjunto,Estabelece a obrigação de implantação de ciclovias e ciclofaixas nos municípios e rodovias federais.,Edigar Mão Branca
375725,2007,Arquivada,"Autoriza os Estados a legislar sobre mobilidade urbana, a partir das diretrizes nacionais que estabelece, conforme prevê o parágrafo único do art. 22 da Constituição Federal.",Marcondes Gadelha
383074,2008,Arquivada,Regulamenta a atividade de entrega de mercadorias por meio de bicicleta.,Marcelo Ortiz
389704,2008,Tramitando em Conjunto,"Altera a Lei nº 10.636, de 30 de dezembro de 2002, para incluir entre os objetivos essenciais da aplicação dos recursos da CIDE-Combustíveis a construção de ciclovias.",Rebecca Garcia
390014,2008,Aguardando Designação de Relator,"Altera a Lei nº 10.257, de 10 de julho de 2001, (Estatuto da Cidade), para determinar a priorização dos meios de transporte de propulsão humana sobre os motorizados e do transporte coletivo sobre o individual.",Senado Federal - Antonio Carlos Valadares
391080,2008,Arquivada,"Altera a Lei nº 9.503, de 23 de setembro de 1997, que institui o Código de Trânsito Brasileiro, para dispor sobre crime doloso de trânsito.",Jovair Arantes
392819,2008,Arquivada,"Acrescenta dispositivos à Lei nº 9.503, de 23 de setembro de 1997, que institui o Código de Trânsito Brasileiro, para dispor sobre os condutores e passageiros de bicicletas.",Dr. Talmir
395799,2008,Tramitando em Conjunto,Dispõe sobre a reserva de local para o estacionamento de bicicletas.,Manuela D'ávila
435960,2009,Arquivada,"Concede isenção do Imposto sobre Produtos Industrializados incidente sobre bicicletas, suas partes e peças, e reduz a zero as alíquotas da Contribuição para o PIS/PASEP e da Contribuição para o Financiamento da Seguridade Social incidentes sobre a importação e a receita bruta decorrente da venda, no mercado interno, desses bens.",Daniel Almeida
447083,2009,Arquivada,Institui isenção da Contribuição para o PIS/PASEP e da COFINS para receitas oriundas de operações com peças de motocicletas e bicicletas.,Washington Luiz
448285,2009,Arquivada,"Altera o art. 214 do Código de Trânsito Brasileiro, instituído pela Lei nº 9.503, de 23 de setembro de 1997.",Vital do Rêgo Filho
452939,2009,Arquivada,"Concede isenção do Imposto sobre Produtos Industrializados incidente sobre motocicletas e bicicletas e reduz a zero as alíquotas da Contribuição para o PIS/PASEP e da Contribuição para o Financiamento da Seguridade Social (COFINS) incidentes sobre a receita bruta decorrente da venda, no mercado interno, desses bens, quando adquiridos por Agentes Comunitários de Saúde.",Elizeu Aguiar
459345,2009,Arquivada,"Acrescenta inciso ao art. 181, da Lei nº 9.503, de 23 de setembro  de 1997, que institui o Código de Trânsito Brasileiro, para dispor sobre a infração por estacionar veículo em local que especifica.",Camilo Cola
459346,2009,Tramitando em Conjunto,"Altera a redação do caput do art. 320 da Lei nº 9.503, de 23 de setembro de 1997, que institui o Código de Trânsito Brasileiro, para dispor sobre a aplicação dos recursos arrecadados com a cobrança das multas de trânsito.",Camilo Cola
459347,2009,Arquivada,"Acrescenta inciso ao art. 202 da Lei nº 9.503, de 23 de setembro de 1997, que institui o Código de Trânsito Brasileiro, para dispor sobre a infração por ultrapassar outro veículo em local que especifica.",Camilo Cola
461042,2009,Transformado em Norma Jurídica,"Institui o Programa Bicicleta Brasil, para incentivar o uso da bicicleta visando a melhoria das condições de mobilidade urbana.",Jaime Martins
465016,2009,Arquivada,Reduz a zero as alíquotas da Contribuição para o PIS/PASEP e da COFINS incidentes sobre operações com bicicletas e outros ciclos sem motor e com partes e acessórios de motocicletas e bicicletas.,Marinha Raupp
466364,2010,Arquivada,Estabelece procedimentos para o transporte de bicicletas nos ônibus utilizados nos serviços de transporte interestadual e internacional de passageiros.,Rodrigo Rollemberg
473281,2010,Arquivada,"Altera a Lei nº 9.503, de 23 de setembro de 1997, que institui o Código de Trânsito Brasileiro, para desobrigar as bicicletas do registro e do licenciamento.",Arolde de Oliveira
497147,2011,Aguardando Designação de Relator,"Concede isenção do Imposto sobre Produtos Industrializados incidentes sobre motocicletas e bicicletas e reduz a zero as alíquotas da Contribuição para o PIS/PASEP e da Contribuição para o Financiamento da Seguridade Social (COFINS) incidentes sobre a receita bruta decorrente da venda, no mercado interno, desses bens, quando adquiridos por Agente Comunitário de Saúde e por Agente de Combate às Endemias.",Geraldo Resende
497544,2011,Tramitando em Conjunto,"Concede isenção do Imposto sobre Produtos Industrializados incidente sobre a receita bruta decorrente da venda de motocicletas e bicicletas e reduz a zero as alíquotas da Contribuição para o PIS/PASEP e da Contribuição para o Financiamento da Seguridade Social (COFINS), quando adquiridos por Agentes Comunitários de Saúde e Agentes de Combate às Endemias.",Raimundo Gomes de Matos
502177,2011,Arquivada,Dispõe sobre a criação do Estatuto dos Sistemas Cicloviários e dá outras providências.,Lucio Vieira Lima
505170,2011,Arquivada,"Altera a redação do art. 338 da Lei nº 9.503, de 23 de setembro de 1997, que institui o Código de Trânsito Brasileiro, para obrigar os importadores e fabricantes de bicicletas a fornecer, no ato da comercialização do veículo, manual contendo normas de circulação, penalidades, direção defensiva, primeiros socorros e Anexos do Código de Trânsito Brasileiro.",Mauro Mariani
525881,2011,Aguardando Designação de Relator,Obriga a inclusão de ciclovias quando do projeto e da execução de obras rodoviárias federais.,Fábio Faria
533028,2011,Arquivada,"Acrescenta dispositivo ao art. 41 da Lei nº 10.257, de 10 de julho de 2001, (Estatuto da Cidade), para fixar diretriz aplicável aos planos de transporte urbano integrados.",Aguinaldo Ribeiro
537576,2012,Tramitando em Conjunto,"Dispõe sobre a isenção dos impostos federais incidentes sobre equipamentos de segurança obrigatórios para motocicletas, motonetas e bicicletas, e dá outras providências.",Onofre Santo Agostini
539910,2012,Aguardando Designação de Relator,"Concede isenção do Imposto sobre Produtos Industrializados incidentes sobre motocicletas e bicicletas e reduz a zero as alíquotas da Contribuição para o PIS/PASEP e da Contribuição para o Financiamento da Seguridade Social (COFINS) incidentes sobre a receita bruta decorrente da venda, no mercado interno, desses bens, quando adquiridos por agentes comunitários de saúde.",Chico D'Angelo
542847,2012,Tramitando em Conjunto,"Dá nova redação ao inciso VI do art. 105 da Lei nº 9.503, de 23 de setembro de 1997, estabelecendo o capacete como equipamento de uso obrigatório para condutores de bicicletas.",Onyx Lorenzoni
546169,2012,Aguardando Designação de Relator,Concede isenção do IPI - Imposto sobre Produtos Industrializados às bicicletas classificadas na posição 87.12 da Nomenclatura Comum do Mercosul- NCM.,Felipe Bornier
550428,2012,Arquivada,"Altera a Lei nº 9.503, de 23 de setembro de 1997, que institui o Código de Trânsito Brasileiro, para dispor sobre bicicletas elétricas.",Leonardo Picciani
551735,2012,Tramitando em Conjunto,"Desonera as operações com bicicletas, suas partes, peças e acessórios, do pagamento do Imposto sobre Produtos Industrializados - IPI, da Contribuição para os Programas de Integração Social e de Formação do Patrimônio do Servidor Público - PIS/PASEP e da Contribuição para o Financiamento da Seguridade Social - COFINS.",Paulo Pimenta
552272,2012,Arquivada,"Altera a Lei nº 9.503, de 23 de setembro de 1997, que institui o Código de Trânsito Brasileiro, para dispor sobre bicicletas elétricas",Felipe Bornier
552918,2012,Tramitando em Conjunto,"Desonera as operações com bicicletas, suas partes, peças e acessórios, do pagamento do Imposto sobre Produtos Industrializados - IPI, da Contribuição para os Programas de Integração Social e de Formação do Patrimônio do Servidor Público - PIS/PASEP e da Contribuição para o Financiamento da Seguridade Social - COFINS.",Marina Santanna
552926,2012,Arquivada,"Altera a Lei nº 9.503, de 23 de setembro de 1997, que institui o Código de Trânsito Brasileiro, para dispor sobre bicicletas motorizadas.",Eliene Lima
553419,2012,Arquivada,"Altera a Lei nº 9.503, de 23 de setembro de 1997, que institui o Código de Trânsito Brasileiro, para dispor sobre bicicletas elétricas, nos termos que menciona.",Otavio Leite
562229,2012,Arquivada,"Reconhece o uso da bicicleta como modalidade de transporte regular, obrigando a previsão de um percentual de ciclovias em função da extensão da malha viária urbana.",Audifax
565266,2013,Tramitando em Conjunto,"Dispõe sobre o IPI - Imposto sobre Produtos Industrializados, fixando alíquota de zero por cento para as bicicletas (item 8712.00.10 da NCM-Nomenclatura Comum do Mercosul), suas partes e acessórios.",Rogério Peninha Mendonça
573870,2013,Arquivada,"Altera a Lei nº 9.503, de 1997, que institui o Código de Trânsito Brasileiro, acrescentando aos arts. 181, o inciso XX e 202, o inciso III.",Camilo Cola
574183,2013,Tramitando em Conjunto,Institui isenção do Imposto sobre Produtos Industrializados para operações com bicicletas.,Raul Lima
576181,2013,Tramitando em Conjunto,"Concede isenção do Imposto sobre Produtos Industrializados incidente sobre bicicletas, suas partes e acessórios",Inocêncio Oliveira
579238,2013,Tramitando em Conjunto,Fixa alíquota do Imposto sobre Produto Industrializado (IPI) incidente sobre bicicletas.,Luiz de Deus
582111,2013,Retirado pelo Autor,Dispõe sobre a redução do Imposto sobre Produtos Industrializados para a aquisição de bicicletas e dá outras providências.,Sarney Filho
582419,2013,Tramitando em Conjunto,Dispõe sobre a reserva de vagas para bicicletas e veículos não poluentes em estacionamentos públicos e privados.,Policarpo
583998,2013,Tramitando em Conjunto,Dispõe sobre a redução do Imposto sobre Produtos Industrializados para a aquisição de bicicletas e dá outras providências.,Sarney Filho
588759,2013,Arquivada,Obriga os comerciantes varejistas de bicicletas a informar o número de série desses produtos em documentos fiscais.,Major Fábio
589624,2013,Aguardando Parecer,"Altera a Lei nº 6.766, de 19 de dezembro de 1979, que dispõe sobre o parcelamento do solo urbano, a Lei nº 9.503, de 23 de setembro de 1997, que institui o Código de Trânsito Brasileiro, a Lei nº 11.977, de 7 de julho de 2009, que dispõe sobre o Programa Minha Casa Minha Vida e a Lei nº 12.587, de 3 de janeiro de 2012, que institui as diretrizes da Política Nacional de Mobilidade Urbana, para dispor sobre a circulação de pedestres e ciclistas.",Walter Feldman
590803,2013,Tramitando em Conjunto,"Altera a Lei nº 10.925, de 23 de julho de 2004, para desonerar as operações com bicicletas, suas partes, peças e acessórios do pagamento da Contribuição para os Programas de Integração Social e de Formação do Patrimônio do Servidor Público - PIS/PASEP e da Contribuição para o Financiamento da Seguridade Social - COFINS.",Onyx Lorenzoni
593375,2013,Tramitando em Conjunto,"Altera a Lei nº 7.418, de 16 de dezembro de 1985, para permitir que o vale-transporte seja utilizado para o custeio de transporte do empregado por meio de bicicletas.",Rosinha da Adefal
594052,2013,Arquivada,"Altera a Lei nº 9.503, de 23 de setembro de 1997, que institui o Código de Trânsito Brasileiro, para tratar de equipamento obrigatório para bicicletas elétricas.",Henrique Oliveira
595135,2013,Tramitando em Conjunto,Concede isenção do Imposto sobre Produtos Industrializados (IPI) nas operações com bicicletas.,Major Fábio
599398,2013,Tramitando em Conjunto,"Dispõe sobre desoneração tributária incidente sobre bicicletas, suas partes, peças e acessórios.",Rodrigo Maia
600038,2013,Tramitando em Conjunto,"Acrescenta artigo à Lei nº 7.418, de 16 de dezembro de 1985, para instituir o ""Vale-Bicicleta"".",Fernando Ferro
602145,2013,Tramitando em Conjunto,"""Concede isenção do Imposto sobre Produtos Industrializados (IPI) incidente sobre bicicletas, bem como suas partes e peças separadas, fabricados no território nacional""",Dr. Grilo
603964,2013,Tramitando em Conjunto,"Concede isenção do Imposto sobre Produtos Industrializados incidente sobre bicicletas, suas partes e peças , e reduz a zero as alíquotas da Contribuição para o PIS/PASEP e da Contribuição para o Financiamento da Seguridade Social incidentes sobre a importação e a receita bruta decorrente da venda, no mercado interno, desses bens.",Daniel Almeida
611022,2014,Tramitando em Conjunto,"Dispõe sobre a regulamentação das bicicletas elétricas, em todo território Nacional.",Danrlei de Deus Hinterholz - Ricardo Izar
611051,2014,Tramitando em Conjunto,"Dispõe sobre a isenção do Imposto sobre Produtos Industrializados para a aquisição de bicicletas elétricas, mecânicas, e seus acessórios.",Danrlei de Deus Hinterholz - Ricardo Izar
618486,2014,Tramitando em Conjunto,"Altera a Lei nº 12.587, de 3 de janeiro de 2012, que institui as diretrizes da Política Nacional de Mobilidade Urbana, entre outras providências, para dispor sobre apoio a ciclistas em órgãos públicos.",Zé Vieira
619903,2014,Tramitando em Conjunto,"Dispõe sobre desoneração tributária incidente sobre bicicletas, suas partes, peças e acessórios, bem como a concessão de crédito para sua aquisição.",Ronaldo Caiado
622112,2014,Tramitando em Conjunto,"Altera a Lei nº 6.766, de 19 de dezembro de 1979, que dispõe sobre o Parcelamento do Solo Urbano e dá outras Providências, para determinar a previsão de ciclovias nos novos loteamentos.",Assis Melo
786594,2014,Tramitando em Conjunto,"Altera o art. 320 da Lei nº 9.503, de 23 de setembro de 1997, que institui o Código de Trânsito Brasileiro, para estabelecer nova distribuição dos recursos arrecadados com multas de trânsito.",Nilson Leitão
843319,2014,,"Reduz a zero as aliquotas da Contribuição para o PIS/PASEP, da COFINS, da Contribuição para o PIS/Pasep-Importação e da Cofins-Importação incidentes sobre a receita de vendas e na importação de partes utilizadas em aerogeradores; prorroga os benefícios previstos nas Leis nºs 9.250, de 26 de dezembro de 1995, 9.440, de 14 de março de 1997, 10.931, de 2 de agosto de 2004, 11.196, de 21 de novembro de 2005, 12.024, de 27 de agosto de 2009, e 12.375, de 30 de dezembro de 2010; altera o art. 46 da Lei nº 12.715, de 17 de setembro de 2012, que dispõe sobre a devolução ao exterior ou a destruição de mercadoria estrangeira cuja importação não seja autorizada; altera as Leis nºs 9.430, de 27 de dezembro de 1996, 12.546, de 14 de dezembro de 2011, 12.973, de 13 de maio de 2014, 9.826, de 23 de agosto de 1999, 10.833, de 29 de dezembro de 2003, 10.865, de 30 de abril de 2004, 11.051, de 29 de dezembro de 2004, 11.774, de 17 de setembro de 2008, 10.637, de 30 de dezembro de 2002, 12.249, de 11 de junho de 2010, 10.522, de 19 de julho de 2002, 12.865, de 9 de outubro de 2013, 10.820, de 17 de dezembro de 2003, 6.634, de 2 de maio de 1979, 7.433, de 18 de dezembro de 1985, 11.977, de 7 de julho de 2009, 10.931, de 2 de agosto de 2004, 11.076, de 30 de dezembro de 2004, 9.514, de 20 de novembro de 1997, 9.427, de 26 de dezembro de 1996, 9.074, de 7 de julho de 1995, 12.783, de 11 de janeiro de 2013, 11.943, de 28 de maio de 2009, 7.565, de 19 de dezembro de 1986, 12.462, de 4 de agosto de 2011, 9.503, de 23 de setembro de 1997, 11.442, de 5 de janeiro de 2007, 8.666, de 21 de junho de 1993, 9.782, de 26 de janeiro de 1999, 6.360, de 23 de setembro de 1976, 5.991, de 17 de dezembro de 1973, 7.889, de 23 de novembro de 1989, 1.283, de 18 de dezembro de 1950, 12.485, de
12 de setembro de 2011, 5.070, de 7 de julho de 1966, 9.472, de 16 de julho de 1997, 10.480, de 2 de julho de 2002, 8.112, de 11 de dezembro de 1990, 6.530, de 12 de maio de 1978, 5.764, de 16 de dezembro de 1971, 8.080, de 19 de setembro de 1990, 11.079, de 30 de dezembro de 2004, 13.043, de 13 de novembro de 2014, os Decretos-Lei nº 745, de 7 de agosto de 1969 e 3.365, de 21 de junho de 1941, e o Decreto nº 70.235, de 6 de março de 1972; revoga dispositivos das Leis nºs 4.380, de 21 de agosto de 1964, 6.360, de 23 de setembro de 1976, 7.789, de 23 de novembro de 1989, 8.666, de 21 de junho de 1993, 9.782, de 26 de janeiro de 1999, 10.150, de 21 de dezembro de 2000, 9.430, de 27 de dezembro de 1996, 12.973, de 13 de maio de 2014, 8.177, de 1º de março de 1991, 10.637, de 30 de dezembro de 2002, 10.833, de 29 de dezembro de 2003, 10.865, de 30 de abril de 2004, 11.051, de 29 de dezembro de 2004 e 9.514, de 20 de novembro de 1997, e do Decreto-Lei nº 3.365, de 21 de junho de 1941; e dá outras providências.",Comissão Mista da MPV 656/2014
1203637,2015,Aguardando Definição Encaminhamento,"Cria o Estatuto Nacional do Ciclista, o Conselho Nacional do Ciclista - CONACICLO, o Fundo Nacional de Incentivo ao Ciclista - FUNACICLO, altera a Lei 9503/97 (Código de Trânsito Brasileiro), estabelece dispositivos de incentivo ao uso de ciclos como meio de transporte, regulamenta a atividade profissional de ciclotaxista e cicloboy e dá outras providências.",Glauber Braga
1214990,2015,Tramitando em Conjunto,Dispõe sobre a isenção do Imposto sobre Produtos Industrializados - IPI de equipamentos de segurança no trânsito obrigatórios.,Christiane de Souza Yared
1215365,2015,Tramitando em Conjunto,"Acrescenta o art. 114-A na Lei 9.503, de 23 de setembro de 1997 - Código de Trânsito Brasileiro - para obrigar os fabricantes de bicicletas a gravarem número de série em local de fácil visibilidade, bem como obrigar os comerciantes a informar referido número em documentos fiscais",Roberto Britto
1228039,2015,Tramitando em Conjunto,"Altera o §1º do art. 302 da Lei nº 9.503, de 23 de setembro de 1997 - Institui o Código de Trânsito Brasileiro-, para incluir como causa de aumento de pena do crime de homicídio culposo quando ocasionar a morte e lesão corporal de ciclistas e condutores de veículos de propulsão humana em ciclofaixas, em vias públicas ou em vias públicas de uso misto.",Rogério Rosso
1234066,2015,Tramitando em Conjunto,"Desonera as operações com bicicletas, suas partes, peças e acessórios, do pagamento do Imposto sobre Produtos Industrializados - IPI, da Contribuição para os Programas de Integração Social e de Formação do Patrimônio do Servidor Público - PIS/PASEP e da Contribuição para o Financiamento da Seguridade Social - COFINS.",Augusto Carvalho
1243802,2015,Arquivada,"Dispõe sobre a instalação de suporte para colocação de bicicletas nos ônibus de transporte coletivo de passageiros - ""Bike Bus"" e altera a Lei nº 9.504, de 23 de setembro de 1997 - Código de Trânsito Brasileiro.",Rogério Rosso
1279436,2015,Arquivada,"Dispõe sobre incentivos fiscais à aquisição de bicicletas, skates, patins e patinetes e dá outras providências.",Veneziano Vital do Rêgo
1280060,2015,Tramitando em Conjunto,Dispõe sobre incentivos fiscais à aquisição de bicicletas.,Betinho Gomes
1548963,2015,Aguardando Designação de Relator,"Altera a Lei nº 9.503, de 23 de setembro de 1997 que ""Institui o Código de Trânsito Brasileiro"" para disciplinar o trânsito nas ciclovias e ciclofaixas.",Fabio Reis
1549366,2015,Tramitando em Conjunto,"Altera a Lei nº 12.587, de 3 de janeiro de 2012, que institui as diretrizes da Política Nacional de Mobilidade Urbana, para prever um percentual mínimo de espaço, em estacionamentos, para os veículos de transporte não motorizado.",Veneziano Vital do Rêgo
1585109,2015,Tramitando em Conjunto,"Altera a Lei nº 10.925, de 23 de julho de 2004, e isenta de Imposto sobre Produtos Industrializados as bicicletas.",Elcione Barbalho
1594601,2015,Retirado pelo Autor,"Altera a Lei nº 9.503, de 23 de setembro de 1997, que institui o Código de Trânsito Brasileiro, para dispor sobre a identificação, o registro e o licenciamento de bicicletas e ciclomotores.",Silvio Costa
1598867,2015,Tramitando em Conjunto,"Altera a Lei nº 9.503, de 23 de setembro de 1997, que ""institui o Código de Trânsito Brasileiro"" para criar o Cadastro Nacional de Bicicletas e dá outras providências.",Felipe Bornier
1672670,2015,Tramitando em Conjunto,Veda o tráfego de bicicletas e congêneres nas vias em que haja ciclovia marginal e dá outras providências.,Pastor Franklin
1692937,2015,Aguardando Designação de Relator,"Altera a Lei nº 12.587, de 3 de janeiro de 2012, que institui as diretrizes da Política Nacional de Mobilidade Urbana, para fortalecer a institucionalização do transporte cicloviário na política de mobilidade urbana.",Senado Federal - Randolfe Rodrigues
1700877,2015,Tramitando em Conjunto,"Altera a Lei nº 9.503, de 23 de setembro de 1997, que ""institui o Código de Trânsito Brasileiro, e da outras providências"".",Rogério Rosso
2053337,2015,Tramitando em Conjunto,"Reconhece o uso da bicicleta como modalidade de transporte regular, obrigando a previsão de um percentual de ciclovias em função da extensão da malha viária urbana.",Carlos Henrique Gaguim
2071730,2015,Arquivada,"Altera a Lei nº 9.503, de 1997, que institui o Código de Trânsito Brasileiro, no tocante à penalidade por estacionar veículo em locais impróprios.",Arthur Virgílio Bisneto
2074616,2015,Tramitando em Conjunto,Institui incentivos à utilização de bicicletas nas cidades e orienta o poder público para a construção de ciclovias.,Marcelo Belinati
2075799,2015,,"Altera o art. 97 da lei nº 8.112, de 11 de dezembro de 1990,que dispõe sobre as hipóteses de licença ao servidor público federal.",Augusto Carvalho
2076739,2016,Tramitando em Conjunto,"Altera a Lei nº. 9.503, de 23 de setembro de 1997, que institui o Código de Trânsito Brasileiro, para dispor sobre a aplicação dos recursos arrecadados com a cobrança das multas de trânsito.",Gorete Pereira
2079109,2016,Arquivada,"Cria o Espaço do Ciclista, nas dependências da Câmara dos Deputados, com infraestrutura física e operacional de apoio aos servidores que utilizam bicicletas como meio de transporte ao trabalho.",Chico Lopes
2079565,2016,Tramitando em Conjunto,"Isenta as bicicletas, suas partes, peças e acessórios, do pagamento do Imposto sobre Produtos Industrializados - IPI.",Iracema Portella
2080107,2016,Tramitando em Conjunto,"Inclui dispositivo no texto da Lei nº 9.503, de 23 de setembro de 1997, para dispor sobre sinalização em rodovias.",Rômulo Gouveia
2080819,2016,Tramitando em Conjunto,Dispõe sobre incentivos fiscais à aquisição de bicicletas.,Eros Biondini
2083387,2016,Tramitando em Conjunto,Dispõe sobre isenção de Imposto sobre produtos industrializados incidente sobre bicicletas e seus acessórios.,Vicentinho Júnior
2088840,2016,Tramitando em Conjunto,"Isenta do Imposto sobre Produtos Industrializados (IPI) as bicicletas, nas condições que estabelece.",Lobbe Neto
2090370,2016,Tramitando em Conjunto,Obriga a destinação de espaços a estacionamentos para bicicletas em empresas públicas e privadas.,Felipe Bornier
2111211,2016,Tramitando em Conjunto,"Cria o Fundo Nacional de Incentivo ao Uso da Bicicleta - FUNBIKE, transforma a bicicleta como meio de transporte regular, torna obrigatória a previsão de ciclovias e ciclofaixas na malha viária urbana e dá outras providências.",Francisco Chapadinha
2119750,2016,Tramitando em Conjunto,"Esta Lei modifica as leis nº 12.587, de 3 de janeiro de 2012, que ""Institui as diretrizes da Política Nacional de Mobilidade Urbana; revoga dispositivos dos Decretos-Leis nºs 3.326, de 3 de junho de 1941, e 5.405, de 13 de abril de 1943, da Consolidação das Leis do Trabalho (CLT), aprovada pelo Decreto-Lei nº 5.452, de 1º de maio de 1943, e das Leis nºs 5.917, de 10 de setembro de 1973, e 6.261, de 14 de novembro de 1975; e dá outras providências"", e nº 10.257, de 10 de julho de 2001, que ""Regulamenta os arts. 182 e 183 da Constituição Federal, estabelece diretrizes gerais da política urbana e dá outras providências"", para dispor sobre a inclusão de bicicletários no Sistema Nacional de Mobilidade Urbana e nos Planos de Mobilidade Urbana, e determinar a implantação de estrutura bicicletária nas instalações onde funcionam órgãos, entidades e unidades administrativas e operacionais da Administração Pública direta e indireta de qualquer dos poderes da União, dos Estados, do Distrito Federal e dos Municípios, e dá outras providências.",Mário Heringer
2121468,2016,Tramitando em Conjunto,"Equipara às bicicletas comuns os veículos ciclo-motores elétricos e à combustão de baixa potência, nos termos que especifica, e dá outras providências.",Guilherme Mussi
2122659,2017,Tramitando em Conjunto,"Desonera as operações com bicicletas, suas partes, peças e acessórios, do pagamento do Imposto sobre Produtos Industrializados - IPI, da Contribuição para os Programas de Integração Social e de Formação do Patrimônio do Servidor Público - PIS/PASEP e da Contribuição para o Financiamento da Seguridade Social - COFINS.",Felipe Carreras
2122662,2017,Tramitando em Conjunto,Institui o Programa Adote uma Ciclovia para incentivar o uso da bicicleta visando a melhoria das condições de mobilidade urbana.,Felipe Carreras
2132414,2017,Tramitando em Conjunto,"Altera a Lei nº 12.587, de 3 de janeiro de 2012, para dispor sobre a obrigatoriedade de reserva de vagas destinadas para bicicletas em estacionamentos.",Iracema Portella
2142715,2017,Tramitando em Conjunto,"Acrescenta dispositivo à Consolidação das Leis do Trabalho, aprovada pelo Decreto-lei nº 5.452, de 1º de maio de 1943, para dispor sobre a obrigatoriedade de instalação de bicicletários e vestiários pelos empregadores.",Givaldo Vieira
2154113,2017,Tramitando em Conjunto,"Reduz a zero as alíquotas da Contribuição para o PIS/Pasep e da Cofins incidentes sobre operações de importação e de venda no mercado interno de bicicletas, suas partes e acessórios, e dá outras providências.",Ronaldo Carletto
2157689,2017,Tramitando em Conjunto,"Altera a Lei nº 10.925, de 23 de julho de 2004, e isenta de Imposto sobre Produtos Industrializados as bicicletas.",Rôney Nemer
2174633,2018,Transformado em Norma Jurídica,"Altera a Lei nº 13.089, de 12 de janeiro de 2015, que institui o Estatuto da Metrópole, e a Lei nº 12.587, de 3 de janeiro de 2012, que institui as diretrizes da Política Nacional de Mobilidade Urbana.",Comissão Mista da MPV 818/2018
2181674,2018,Tramitando em Conjunto,"Autoriza aprovar a construção, com recursos próprios, e dentro de suas instalações, de um bicicletário em edifícios com mais de 80 (oitenta) unidades e obriga os municípios com mais de 100 (cem) mil habitantes a criar e a elaborar um Plano Municipal Cicloviário.",Felipe Carreras
2181675,2018,Tramitando em Conjunto,"Altera a Lei nº 12.587, de 3 de janeiro de 2012 (Política Nacional de Mobilidade Urbana), para criar um sistema de compartilhamento de bicicletas nas áreas urbanas.",Felipe Carreras
2182399,2018,Aguardando Designação de Relator,Institui o Selo Empresa Amiga do Ciclista e dá outras providências.,Sergio Vidigal
2187721,2018,Tramitando em Conjunto,Dispõe sobre incentivos fiscais à aquisição de bicicletas dá outras providências.,Carlos Henrique Gaguim
2190907,2019,Tramitando em Conjunto,Altera a alíquota do IPI - Imposto sobre Produtos Industrializados dos ciclomotores na posição 8711.60.00 da Nomenclatura Comum do Mercosul - NCM.,Felipe Carreras
2192414,2019,Tramitando em Conjunto,"Altera o artigo 2° da Lei n° 13.724, de 04 de outubro de 2018, que ""Institui o Programa Bicicletas Brasil (PBB) para incentivar o uso da bicicleta visando à melhoria das condições de mobilidade urbana"".",Amaro Neto
2195726,2019,Tramitando em Conjunto,"Institui a obrigatoriedade de instalação de dispositivo antifurto para localização por satélite em bicicletas, motocicletas, motonetas e ciclomotores.",Jesus Sérgio
2196257,2019,Tramitando em Conjunto,"Altera a Lei nº 10.257, de 10 de julho de 2001 para determinar implantação de ciclovias e ciclofaixas nos municípios no plano diretor.",Felipe Carreras
2197694,2019,Tramitando em Conjunto,"Dispões sobre o uso de bicicletas de propulsão elétrica, dotadas ou não de pedais acionados pelo condutor e de patinetes de propulsão elétrica. (PL Mobilidade Urbana Sustentável)",Aureo Ribeiro
2198020,2019,Tramitando em Conjunto,Dispõe sobre a obrigatoriedade de bicicletas contarem com circuito eletrônico integrado (chip) que permita sua localização e dá outras providências.,Otoni de Paula
2198176,2019,Tramitando em Conjunto,"Altera a Lei nº 10.257, de 10 de julho de 2001 para determinar implantação e manutenção de paraciclos no plano diretor.",Felipe Carreras
2199282,2019,Tramitando em Conjunto,"Altera a Lei nº 7.418, de 16 de dezembro de 1985, que ""institui o Vale-Transporte e dá outras providências"", para prever outras modalidades de transporte.",Felipe Carreras
2199871,2019,Tramitando em Conjunto,Disciplina o transporte de patinetes e similares em ciclovias e ciclofaixas e dá  outras providências.,Gonzaga Patriota
2201490,2019,Tramitando em Conjunto,Dispõe sobre a segurança e a proteção do ciclista através do treinamento dos condutores de veículos de transporte coletivo de passageiros.,Juninho do Pneu
2201523,2019,Aguardando Parecer,Obriga o suporte bicicletário nos ônibus coletivos.,Juninho do Pneu
2203125,2019,Tramitando em Conjunto,"Altera a Lei nº 12.587, de 3 de janeiro de 2012, para dispor sobre a obrigatoriedade de reserva de vagas destinadas para bicicletas em prédios públicos.",Felipe Carreras
2204267,2019,Tramitando em Conjunto,"Dispõe sobre o compartilhamento de veículo e equipamento individual autopropelido, destinado a micromobilidade em vias públicas urbanas, realizado por meio de aplicativos ou outras plataformas de comunicação em rede.",André de Paula
2204467,2019,Tramitando em Conjunto,"Altera a Lei nº 10.257, de 10 de julho de 2001, prevendo a implantação de bicicletas públicas compartilhadas.",Felipe Carreras
2204558,2019,Tramitando em Conjunto,Isenta de IPI bicicletas comuns e elétricas,Célio Studart
2205746,2019,Tramitando em Conjunto,"Altera a Lei nº 12.587, de 3 de janeiro de 2012, para regulamentar o transporte com veículos ciclo motorizados elétricos e dá outras providências.",Lucas Gonzalez - Vinicius Poit
2206203,2019,Transformado em Norma Jurídica,"Altera a Lei nº 9.503, de 23 de setembro de 1997, que institui o Código de Trânsito Brasileiro.

NOVA EMENTA: Altera a Lei nº 9.503, de 23 de setembro de 1997 (Código de Trânsito Brasileiro), para modificar a composição do Conselho Nacional de Trânsito e ampliar o prazo de validade das habilitações; e dá outras providências.",Poder Executivo
2206256,2019,Tramitando em Conjunto,"Obriga-se aos fabricantes de bicicletas a gravarem um número de série e aterem o mesmo numero em suas notas ficais. Acrescentando o art. 114-A na Lei 9.503, de 23 de setembro de 1997 - Código de Trânsito Brasileiro.",Charles Fernandes
2206294,2019,Aguardando Definição Encaminhamento,Dispõe sobre o Sistema Compartilhado de Micromobilidade como instrumento da Política Nacional de Mobilidade Urbana.,Eli Corrêa Filho
2207711,2019,Tramitando em Conjunto,Altera o art. 68 do Código de Trânsito Brasileiro para determinar a obrigatoriedade de construção de ciclovias e passarelas dotadas de iluminação nos trechos urbanos de vias rurais.,Severino Pessoa
2208524,2019,Tramitando em Conjunto,"Altera a Lei nº 13.724, de 4 de outubro de 2018, para incluir no rol de ações do Programa Bicicleta Brasil (PBB) sistema de financiamento para aquisição de bicicletas.",Felipe Carreras
2209380,2019,Tramitando em Conjunto,Dispõe sobre a dedução do Imposto de Renda Pessoa Jurídica (IRPJ) das despesas com construção ou disponibilização mediante locação de vestiários e paraciclos para os funcionários de pessoas jurídicas tributadas pelo Lucro Real.,Felipe Carreras
2212455,2019,Tramitando em Conjunto,Obriga a previsão de implantação de ciclovias como parte integrante das rodovias federais nos termos que específica.,Schiavinato
2216363,2019,Tramitando em Conjunto,"Altera a Lei nº 9.503, de 23 de setembro de 1997, que institui o Código de Trânsito Brasileiro, para dispor sobre a circulação de bicicletas e pedestres.",Luiz Lima
2216436,2019,Tramitando em Conjunto,Altera o Código de Trânsito Brasileiro para garantir ultrapassagem segura a ciclistas.,Felipe Carreras
2218687,2019,Tramitando em Conjunto,"Dispõe sobre a obrigatoriedade de implantação de ciclovias/ciclofaixas pelo Poder Público ou empresas concessionárias/privadas em obras e serviços de engenharia, nas intervenções viárias metropolitanas, e de paraciclos e bicicletários em terminais rodoviários, estações metroferroviárias, instalações portuárias, espaços públicos e privados de trabalho, ensino, comércio e lazer, assim como dá nova redação a Lei nº 8.666 de 21 de junho de 1993 que ""Institui normas para licitações e contratos da Administração Pública"", a Lei nº 9.503, de 23 de setembro de 1997 que ""Institui o Código de Trânsito Brasileiro"", a Lei nº 12.587, de 3 de janeiro de 2012 que ""Institui as diretrizes da Política Nacional do Mobilidade Urbana"", a Lei nº 10.257, de 10 de julho de 2001 que ""Estabelece diretrizes gerais da política urbana - Estatuto das Cidades"", a Lei nº 11.977 de 7 de julho de 2009 que "" Dispõe sobre o Programa Minha Casa, Minha Vida - PMCMV e a regularização fundiária de assentamentos localizados em áreas urbanas, e dá outras providências",Bira do Pindaré
2220041,2019,Aguardando Designação de Relator,"Dispõe sobre a doação de bicicletas apreendidas por ato administrativo ou de polícia, para instituições beneficentes.",Felipe Carreras
2223541,2019,Tramitando em Conjunto,"Dispõe sobre a regulamentação dos serviços de compartilhamento de bicicletas, bicicletas elétricas e veículos de mobilidade individual.",Felipe Carreras
2227745,2019,Tramitando em Conjunto,"Altera o Código de Trânsito Brasileiro, Lei 9.503, de 23 de setembro de 1997, para disciplinar a disposição e o uso de equipamentos de mobilidade individual autopropelidos e de compartilhamento.",Afonso Motta
2229876,2019,Tramitando em Conjunto,"Altera o art. 320 do Código de Trânsito Brasileiro para garantir percentual mínimo de aplicação de recursos arrecadados com a cobrança de multas em implantação e adequação de calçadas, passarelas para pedestres, ciclovias e ciclofaixas.",Glaustin Fokus
2230197,2019,Tramitando em Conjunto,"Concede incentivos fiscais da contribuição para o PIS/PASEP, da Contribuição para o Financiamento da Seguridade Social - COFINS, do Imposto sobre Produtos Industrializados - IPI e do Imposto de Renda das Pessoas Físicas - IRPF, para as bicicletas classificadas no código 87.12 da Tipi.",João Daniel
2233785,2019,Tramitando em Conjunto,"Isenta do Imposto sobre Produtos Industrializados - IPI os produtos, partes e peças que especifica, quando empregados na fabricação de equipamentos destinados à geração de energia a partir de fontes renováveis.",Ricardo Teobaldo
2318561,2019,Aguardando Parecer,"Altera a Lei nº 10.257, de 10 de julho de 2001, e a Lei nº 13.724, de 4 de outubro de 2018, para ampliar a participação popular no processo de implantação de infraestruturas destinadas à circulação de bicicletas, bem como para determinar a compatibilização do Plano de Mobilidade Urbana com a ampliação do perímetro urbano.",Senado Federal - Leila Barros
2237145,2020,Tramitando em Conjunto,Altera a alíquota do IPI - Imposto sobre Produtos Industrializados às bicicletas classificadas na posição 87.12 da Nomenclatura Comum do Mercosul- NCM.,Felipe Carreras
2253677,2020,Aguardando Designação de Relator,"Altera a Lei nº 13.979, de 6 de fevereiro de 2020, para que trabalhadores que optem pelo uso de bicicleta para se deslocar no percurso residência-trabalho e vice-versa para evitar contaminação pela Covid-19 possa perceber o vale-transporte em espécie enquanto perdurar o estado de emergência pública causada pelo coronavírus (covid-19).",Hugo Leal
2255626,2020,Aguardando Designação de Relator,"Dispõe sobre a isenção do Imposto sobre Produtos Industrializados - IPI para a cadeia de produção e aquisição de bicicletas, durante o estado de calamidade pública reconhecido pelo Decreto Legislativo nº 6, de 20 de março de 2020, decorrente do coronavírus (COVID-19).",Otto Alencar Filho - Rodrigo Coelho - Túlio Gadêlha
2256649,2020,Aguardando Parecer,Regulamenta o serviço de entrega de mercadorias com o uso de bicicleta por intermédio de empresa de plataforma digital.,Eduardo Bismarck
2262111,2020,Tramitando em Conjunto,"Concede isenção do Imposto sobre Produtos Industrializados - IPI, da das contribuições para os Programas de Integração Social e de Formação do Patrimônio do Servidor Público - PIS/Pasep, e da Contribuição para o Financiamento da Seguridade Social - Cofins para bicicletas.",Pompeo de Mattos
2264217,2020,Aguardando Parecer,"Dispõe sobre a certificação de segurança de baterias utilizadas em bicicletas, patins e hoverboards com a finalidade de propulsão elétrica.",Otoni de Paula
2265998,2020,Tramitando em Conjunto,Obriga a previsão de um percentual de ciclovias em todos os projetos de modificação da malha viária urbana e torna seu uso modalidade de transporte regular.,Juninho do Pneu
2265999,2020,Tramitando em Conjunto,"Zera o IPI – imposto sobre produtos industrializados, para a venda de bicicletas e suas peças.",Juninho do Pneu
2267241,2020,Aguardando Designação de Relator,"Altera a Lei n.º 13.724, de 04 de outubro de 2018, que institui o Programa Bicicleta Brasil, incluindo a realização da Semana da Bicicleta, em âmbito nacional.",Coronel Chrisóstomo
2267537,2020,Tramitando em Conjunto,"Altera o art. 37 da Lei nº 9.504, de 30 de setembro de 1997, para vedar a prática de propaganda eleitoral por meio da utilização de bandeiras ao longo das vias públicas.",Cássio Andrade
2268716,2021,Tramitando em Conjunto,Dispõe sobre a concessão de isenção de IPI – Imposto sobre Produto Industrializado – das alíquotas da Contribuição para o Financiamento da Seguridade Social – COFINS - e do PIS/PASEP incidentes sobre a importação e a receita bruta decorrente da venda de bicicletas e suas partes e peças.,Amaro Neto
2269514,2021,Tramitando em Conjunto,"Esta Lei isenta as bicicletas classificadas na posição 8712.00.10 da Tabela de Incidência do IPI, aprovada pelo Decreto nº 8.950, de 29 de dezembro de 2016, do Imposto sobre Produtos Industrializados, da Contribuição para o Financiamento da Seguridade Social e da Contribuição para o PIS/Pasep.",Carlos Henrique Gaguim
2270458,2021,Arquivada,"Susta a Resolução do Comitê Executivo de Gestão da Câmara de Comércio Exterior do Ministério da Economia– GECEX, N°159, de 17 de fevereiro de 2021, publicada no Diário Oficial da União de 18 de fevereiro de 2021, que altera o Anexo II a Resolução GECEX Nº 125, de 15 de dezembro de 2016.",Afonso Florence - Airton Faleiro - Alencar Santana Braga - Alexandre Padilha - Enio Verri - Erika Kokay - Frei Anastacio Ribeiro - Gleisi Hoffmann - João Daniel - José Guimarães - José Ricardo - Leo de Brito - Leonardo Monteiro - Marcon - Maria do Rosário - Merlong Solano - Nilto Tatto - Patrus Ananias - Paulão - Paulo Pimenta - Paulo Teixeira - Pedro Uczai - Professora Rosa Neide - Rogério Correia - Rubens Otoni - Valmir Assunção - Vander Loubet - Zé Carlos
2271970,2021,Arquivada,"Altera o inciso VIII do art. 181 da Lei nº 9.503, de 23 de setembro de 1997, que institui o Código de Trânsito Brasileiro, para dispor sobre a natureza da infração nele prevista.",Carlos Bezerra
2275239,2021,Aguardando Pendências,"Susta a Resolução do Comitê Executivo de Gestão da Câmara de Comércio Exterior, do Ministério da Economia – GECEX, N°170, de 18 de março de 2021, publicada no Diário Oficial da União de 19 de março de 2021, que altera o Anexo II da Resolução nº 125, de 15 de dezembro de 2016.",José Ricardo
2280111,2021,Tramitando em Conjunto,"Altera a Lei nº 9.503, de 23 de setembro de 1997, que institui o Código de Trânsito Brasileiro, para dispor sobre a inclusão da mobilidade ativa no rol de atividades a serem custeadas com a receita arrecadada com as multas de trânsito e estabelece percentual mínimo de aplicação.",Gustavo Fruet
2283223,2021,Devolvida ao Autor,"Reduz a zero as alíquotas da Contribuição para o PIS/Pasep e da Cofins incidentes sobre operações de importação e de venda no mercado interno de bicicletas, suas partes e acessórios, e dá outras providências.",Ronaldo Carletto
2283626,2021,Aguardando Designação de Relator,"Altera a Lei nº 9.503, de 23 de setembro de 1997, para incluir o inciso XIV no artigo 29, disciplinando sobre a prioridade dos ciclistas no trânsito e a presunção de culpa em caso de acidente.",Márcio Marinho
2302356,2021,Tramitando em Conjunto,"Dispõe sobre micromobilidade urbana, regulamenta o uso dos cicloelétricos e dá outras providências.",Da Vitoria
2309982,2021,Tramitando em Conjunto,"Obriga a contratação de seguros de vida, acidentes pessoais e assistência funeral em benefício dos entregadores de mercadorias que se utilizam de motocicletas, motonetas e patinetes elétricos ou bicicletas.",Bacelar - Fábio Trad - Otavio Leite
2311951,2021,Tramitando em Conjunto,Dispõe sobre a criação de estacionamentos públicos para bicicletas.,José Nelto
2314081,2022,Aguardando Parecer,"Altera a Lei nº 9.503, de 23 de setembro de 1997, que institui o Código de Trânsito Brasileiro, para dispor sobre a inclusão da mobilidade ativa no rol de temas obrigatórios das campanhas educativas de trânsito.",Gustavo Fruet
2326121,2022,Pronta para Pauta,"Altera o inciso VI do art. 105 da Lei nº 9.503, de 23 de setembro de 1997, que institui o Código de Trânsito Brasileiro, a fim de definir os equipamentos obrigatórios destinados às bicicletas.",Darci de Matos
2326461,2022,Tramitando em Conjunto,"Concede isenção do Imposto sobre Produtos Industrializados (IPI) incidente sobre os produtos que menciona, quando adquiridos pelos entregadores de encomendas, pessoas físicas, para utilização exclusiva no serviço de entregas por meio de aplicativos ou sites na internet, por telefone ou por outros meios.",João Daniel
2334218,2022,Tramitando em Conjunto,"Reduz a carga tributária sobre a produção e importação de bicicletas elétricas, patinetes, scooters e motocicletas.",Tito
2345319,2022,Tramitando em Conjunto,Dispõe sobre a obrigatoriedade da disponibilização de capacetes para trabalhadores de aplicativos de entrega,José Nelto
2349727,2023,Tramitando em Conjunto,"Altera a Lei 10.257, de 10 de julho de 2001, para incluir, no conteúdo mínimo do plano diretor, normas sobre planejamento integrado de políticas públicas.",Renata Abreu
2351871,2023,Tramitando em Conjunto,"Altera a Lei nº 10.865, de 30 de abril de 2004, para reduzir a zero as alíquotas da Contribuição para o Financiamento da Seguridade Social – COFINS e da Contribuição para o PIS/PASEP incidentes sobre a importação e a venda de bicicletas, suas partes, peças e acessórios, e as isenta do Imposto sobre Produtos Industrializados – IPI.",Helio Lopes
2355166,2023,Aguardando Despacho do Presidente da Câmara dos Deputados,Regulamenta a circulação de bicicletas elétricas e equipamentos autopropelidos em vias públicas e dá outras providências.,Juninho do Pneu
